node_id,attribute,value
1,node_name,aca.ser
1,type,plant
1,corolla_length,3.14555555555556
1,corolla_aperture,0.912222222222222
1,height_mean,0.154444444444444
1,flower_abundance,42118
1,body_thickness,NA
1,body_length,NA
1,proboscis_length,NA
1,proboscis_width,NA
1,body_width,NA
1,taxa_verified,TRUE
1,verification_level,species
1,species,acantholippia_seriphioides
2,node_name,alo.gra
2,type,plant
2,corolla_length,5.01333333333333
2,corolla_aperture,1.02
2,height_mean,0.525
2,flower_abundance,5944
2,body_thickness,NA
2,body_length,NA
2,proboscis_length,NA
2,proboscis_width,NA
2,body_width,NA
2,taxa_verified,FALSE
2,verification_level,NA
2,species,aloyssia_gratissima
3,node_name,arg.sub
3,type,plant
3,corolla_length,34.9922222222222
3,corolla_aperture,28.7677777777778
3,height_mean,0.51375
3,flower_abundance,0
3,body_thickness,NA
3,body_length,NA
3,proboscis_length,NA
3,proboscis_width,NA
3,body_width,NA
3,taxa_verified,TRUE
3,verification_level,species
3,species,argemone_subfusiformis
4,node_name,arj.lon
4,type,plant
4,corolla_length,14.4855555555556
4,corolla_aperture,1.66666666666667
4,height_mean,0.222222222222222
4,flower_abundance,3252
4,body_thickness,NA
4,body_length,NA
4,proboscis_length,NA
4,proboscis_width,NA
4,body_width,NA
4,taxa_verified,TRUE
4,verification_level,species
4,species,arjona_longifolia
5,node_name,bou.spi
5,type,plant
5,corolla_length,10.2
5,corolla_aperture,1.48
5,height_mean,1.76666666666667
5,flower_abundance,1610
5,body_thickness,NA
5,body_length,NA
5,proboscis_length,NA
5,proboscis_width,NA
5,body_width,NA
5,taxa_verified,TRUE
5,verification_level,species
5,species,bougainvillea_spinosa
6,node_name,bre.mic
6,type,plant
6,corolla_length,4.16666666666667
6,corolla_aperture,2
6,height_mean,0.32
6,flower_abundance,0
6,body_thickness,NA
6,body_length,NA
6,proboscis_length,NA
6,proboscis_width,NA
6,body_width,NA
6,taxa_verified,TRUE
6,verification_level,species
6,species,bredemeyera_microphylla
7,node_name,bud.men
7,type,plant
7,corolla_length,5.45555555555556
7,corolla_aperture,1.18888888888889
7,height_mean,0.49
7,flower_abundance,301
7,body_thickness,NA
7,body_length,NA
7,proboscis_length,NA
7,proboscis_width,NA
7,body_width,NA
7,taxa_verified,TRUE
7,verification_level,species
7,species,buddleja_mendozensis
8,node_name,cap.ata
8,type,plant
8,corolla_length,0.25
8,corolla_aperture,1.68888888888889
8,height_mean,1.614
8,flower_abundance,59
8,body_thickness,NA
8,body_length,NA
8,proboscis_length,NA
8,proboscis_width,NA
8,body_width,NA
8,taxa_verified,TRUE
8,verification_level,species
8,species,capparis_atamisquea
9,node_name,cen.sol
9,type,plant
9,corolla_length,17.5
9,corolla_aperture,1.5
9,height_mean,0.121538461538462
9,flower_abundance,3
9,body_thickness,NA
9,body_length,NA
9,proboscis_length,NA
9,proboscis_width,NA
9,body_width,NA
9,taxa_verified,FALSE
9,verification_level,NA
9,species,centaurea_solstialis
10,node_name,cer.arv
10,type,plant
10,corolla_length,5.27222222222222
10,corolla_aperture,13.2633333333333
10,height_mean,0.276666666666667
10,flower_abundance,480
10,body_thickness,NA
10,body_length,NA
10,proboscis_length,NA
10,proboscis_width,NA
10,body_width,NA
10,taxa_verified,TRUE
10,verification_level,species
10,species,cerastium_arvense
11,node_name,cle.mon
11,type,plant
11,corolla_length,0
11,corolla_aperture,13.7533333333333
11,height_mean,0.76
11,flower_abundance,341
11,body_thickness,NA
11,body_length,NA
11,proboscis_length,NA
11,proboscis_width,NA
11,body_width,NA
11,taxa_verified,FALSE
11,verification_level,NA
11,species,clematis_montevidensis
12,node_name,con.mic
12,type,plant
12,corolla_length,0
12,corolla_aperture,4.5052380952381
12,height_mean,0.8
12,flower_abundance,38983
12,body_thickness,NA
12,body_length,NA
12,proboscis_length,NA
12,proboscis_width,NA
12,body_width,NA
12,taxa_verified,TRUE
12,verification_level,species
12,species,condalia_microphylla
13,node_name,des.sp1
13,type,plant
13,corolla_length,3.09111111111111
13,corolla_aperture,4.00333333333333
13,height_mean,0.33
13,flower_abundance,8341
13,body_thickness,NA
13,body_length,NA
13,proboscis_length,NA
13,proboscis_width,NA
13,body_width,NA
13,taxa_verified,TRUE
13,verification_level,genus
13,species,descurainia_sp
14,node_name,dyp.gla
14,type,plant
14,corolla_length,12.6833333333333
14,corolla_aperture,2.23
14,height_mean,0.833333333333333
14,flower_abundance,1107
14,body_thickness,NA
14,body_length,NA
14,proboscis_length,NA
14,proboscis_width,NA
14,body_width,NA
14,taxa_verified,TRUE
14,verification_level,species
14,species,dipyrena_glaberrima
15,node_name,ero.cic
15,type,plant
15,corolla_length,4.59333333333333
15,corolla_aperture,9.22333333333333
15,height_mean,0.0766666666666667
15,flower_abundance,23857
15,body_thickness,NA
15,body_length,NA
15,proboscis_length,NA
15,proboscis_width,NA
15,body_width,NA
15,taxa_verified,FALSE
15,verification_level,NA
15,species,erodium_cicatarium
16,node_name,fum.cap
16,type,plant
16,corolla_length,11
16,corolla_aperture,2.1
16,height_mean,NA
16,flower_abundance,1287
16,body_thickness,NA
16,body_length,NA
16,proboscis_length,NA
16,proboscis_width,NA
16,body_width,NA
16,taxa_verified,TRUE
16,verification_level,species
16,species,fumaria_capreolata
17,node_name,hel.don
17,type,plant
17,corolla_length,6.5
17,corolla_aperture,1.55714285714286
17,height_mean,0.28
17,flower_abundance,10105
17,body_thickness,NA
17,body_length,NA
17,proboscis_length,NA
17,proboscis_width,NA
17,body_width,NA
17,taxa_verified,TRUE
17,verification_level,species
17,species,helenium_donianum
18,node_name,hof.ere
18,type,plant
18,corolla_length,4.39222222222222
18,corolla_aperture,NA
18,height_mean,0.1
18,flower_abundance,2905
18,body_thickness,NA
18,body_length,NA
18,proboscis_length,NA
18,proboscis_width,NA
18,body_width,NA
18,taxa_verified,TRUE
18,verification_level,species
18,species,hoffmannseggia_eremophila
19,node_name,hys.jas
19,type,plant
19,corolla_length,0.566666666666667
19,corolla_aperture,3.56666666666667
19,height_mean,0.255333333333333
19,flower_abundance,10484
19,body_thickness,NA
19,body_length,NA
19,proboscis_length,NA
19,proboscis_width,NA
19,body_width,NA
19,taxa_verified,FALSE
19,verification_level,NA
19,species,hysterionica_jassionoide
20,node_name,lar.cun
20,type,plant
20,corolla_length,0
20,corolla_aperture,17.0766666666667
20,height_mean,0.65
20,flower_abundance,517
20,body_thickness,NA
20,body_length,NA
20,proboscis_length,NA
20,proboscis_width,NA
20,body_width,NA
20,taxa_verified,TRUE
20,verification_level,species
20,species,larrea_cuneifolia
21,node_name,lar.div
21,type,plant
21,corolla_length,0
21,corolla_aperture,18.82
21,height_mean,1.08333333333333
21,flower_abundance,70625
21,body_thickness,NA
21,body_length,NA
21,proboscis_length,NA
21,proboscis_width,NA
21,body_width,NA
21,taxa_verified,TRUE
21,verification_level,species
21,species,larrea_divaricata
22,node_name,lar.nit
22,type,plant
22,corolla_length,0
22,corolla_aperture,11.12
22,height_mean,0.966666666666667
22,flower_abundance,5830
22,body_thickness,NA
22,body_length,NA
22,proboscis_length,NA
22,proboscis_width,NA
22,body_width,NA
22,taxa_verified,TRUE
22,verification_level,species
22,species,larrea_nitida
23,node_name,lec.het
23,type,plant
23,corolla_length,14.8933333333333
23,corolla_aperture,35.2133333333333
23,height_mean,0.3
23,flower_abundance,678
23,body_thickness,NA
23,body_length,NA
23,proboscis_length,NA
23,proboscis_width,NA
23,body_width,NA
23,taxa_verified,TRUE
23,verification_level,species
23,species,lecanophora_heterophylla
24,node_name,lip.tur
24,type,plant
24,corolla_length,4.05555555555556
24,corolla_aperture,0.711111111111111
24,height_mean,0.333333333333333
24,flower_abundance,0
24,body_thickness,NA
24,body_length,NA
24,proboscis_length,NA
24,proboscis_width,NA
24,body_width,NA
24,taxa_verified,TRUE
24,verification_level,species
24,species,lippia_turbinata
25,node_name,lyc.chi
25,type,plant
25,corolla_length,5.83583333333333
25,corolla_aperture,3.96833333333333
25,height_mean,1.08333333333333
25,flower_abundance,11379
25,body_thickness,NA
25,body_length,NA
25,proboscis_length,NA
25,proboscis_width,NA
25,body_width,NA
25,taxa_verified,TRUE
25,verification_level,species
25,species,lycium_chilense
26,node_name,lyc.gil
26,type,plant
26,corolla_length,9.32
26,corolla_aperture,1.31333333333333
26,height_mean,0.656666666666667
26,flower_abundance,371
26,body_thickness,NA
26,body_length,NA
26,proboscis_length,NA
26,proboscis_width,NA
26,body_width,NA
26,taxa_verified,TRUE
26,verification_level,species
26,species,lycium_gilliesianum
27,node_name,men.dec
27,type,plant
27,corolla_length,7.0605
27,corolla_aperture,1.571
27,height_mean,0.296153846153846
27,flower_abundance,40391
27,body_thickness,NA
27,body_length,NA
27,proboscis_length,NA
27,proboscis_width,NA
27,body_width,NA
27,taxa_verified,FALSE
27,verification_level,NA
27,species,menodora_decemfida
28,node_name,mon.aph
28,type,plant
28,corolla_length,11.42
28,corolla_aperture,4.13444444444444
28,height_mean,1.05571428571429
28,flower_abundance,6486
28,body_thickness,NA
28,body_length,NA
28,proboscis_length,NA
28,proboscis_width,NA
28,body_width,NA
28,taxa_verified,TRUE
28,verification_level,species
28,species,monttea_aphylla
29,node_name,opu.sul
29,type,plant
29,corolla_length,0
29,corolla_aperture,66.6822222222222
29,height_mean,0.43
29,flower_abundance,18786
29,body_thickness,NA
29,body_length,NA
29,proboscis_length,NA
29,proboscis_width,NA
29,body_width,NA
29,taxa_verified,TRUE
29,verification_level,species
29,species,opuntia_sulphurea
30,node_name,oxy.ova
30,type,plant
30,corolla_length,10.25
30,corolla_aperture,2.75
30,height_mean,NA
30,flower_abundance,1813
30,body_thickness,NA
30,body_length,NA
30,proboscis_length,NA
30,proboscis_width,NA
30,body_width,NA
30,taxa_verified,FALSE
30,verification_level,NA
30,species,oxybaphus_obatus
31,node_name,pet.axi
31,type,plant
31,corolla_length,58.15125
31,corolla_aperture,5.85625
31,height_mean,0.21
31,flower_abundance,0
31,body_thickness,NA
31,body_length,NA
31,proboscis_length,NA
31,proboscis_width,NA
31,body_width,NA
31,taxa_verified,TRUE
31,verification_level,species
31,species,petunia_axillaris
32,node_name,phi.gil
32,type,plant
32,corolla_length,7.075
32,corolla_aperture,8.50666666666667
32,height_mean,0.3
32,flower_abundance,2203
32,body_thickness,NA
32,body_length,NA
32,proboscis_length,NA
32,proboscis_width,NA
32,body_width,NA
32,taxa_verified,TRUE
32,verification_level,species
32,species,philibertia_gilliesii
33,node_name,phr.pac
33,type,plant
33,corolla_length,32.3166666666667
33,corolla_aperture,21.5866666666667
33,height_mean,0.15
33,flower_abundance,108
33,body_thickness,NA
33,body_length,NA
33,proboscis_length,NA
33,proboscis_width,NA
33,body_width,NA
33,taxa_verified,FALSE
33,verification_level,NA
33,species,pyrrhocactus_pachacoensis
34,node_name,pro.fle
34,type,plant
34,corolla_length,4.15
34,corolla_aperture,1.74625
34,height_mean,1.42888888888889
34,flower_abundance,13258
34,body_thickness,NA
34,body_length,NA
34,proboscis_length,NA
34,proboscis_width,NA
34,body_width,NA
34,taxa_verified,TRUE
34,verification_level,species
34,species,prosopis_flexuosa
35,node_name,rut.cha
35,type,plant
35,corolla_length,0
35,corolla_aperture,12.85
35,height_mean,0.433333333333333
35,flower_abundance,0
35,body_thickness,NA
35,body_length,NA
35,proboscis_length,NA
35,proboscis_width,NA
35,body_width,NA
35,taxa_verified,TRUE
35,verification_level,species
35,species,ruta_chalepensis
36,node_name,sal.gil
36,type,plant
36,corolla_length,4.97444444444444
36,corolla_aperture,1.49333333333333
36,height_mean,0.75
36,flower_abundance,2754
36,body_thickness,NA
36,body_length,NA
36,proboscis_length,NA
36,proboscis_width,NA
36,body_width,NA
36,taxa_verified,FALSE
36,verification_level,NA
36,species,salvia_gilliesii
37,node_name,sch.fas
37,type,plant
37,corolla_length,NA
37,corolla_aperture,4.72666666666667
37,height_mean,1.00666666666667
37,flower_abundance,8317
37,body_thickness,NA
37,body_length,NA
37,proboscis_length,NA
37,proboscis_width,NA
37,body_width,NA
37,taxa_verified,TRUE
37,verification_level,species
37,species,schinus_fasciculata
38,node_name,sen.aph
38,type,plant
38,corolla_length,15
38,corolla_aperture,8.72222222222222
38,height_mean,0.26
38,flower_abundance,16889
38,body_thickness,NA
38,body_length,NA
38,proboscis_length,NA
38,proboscis_width,NA
38,body_width,NA
38,taxa_verified,TRUE
38,verification_level,species
38,species,senna_aphylla
39,node_name,sen.pin
39,type,plant
39,corolla_length,0.633333333333333
39,corolla_aperture,2.88333333333333
39,height_mean,0.825
39,flower_abundance,0
39,body_thickness,NA
39,body_length,NA
39,proboscis_length,NA
39,proboscis_width,NA
39,body_width,NA
39,taxa_verified,FALSE
39,verification_level,NA
39,species,senecio_pinnatus
40,node_name,spa.jun
40,type,plant
40,corolla_length,27.4922222222222
40,corolla_aperture,1.26
40,height_mean,1.80833333333333
40,flower_abundance,1527
40,body_thickness,NA
40,body_length,NA
40,proboscis_length,NA
40,proboscis_width,NA
40,body_width,NA
40,taxa_verified,TRUE
40,verification_level,species
40,species,spartium_junceum
41,node_name,sph.min
41,type,plant
41,corolla_length,12.6255555555556
41,corolla_aperture,17.1077777777778
41,height_mean,0.19
41,flower_abundance,4608
41,body_thickness,NA
41,body_length,NA
41,proboscis_length,NA
41,proboscis_width,NA
41,body_width,NA
41,taxa_verified,FALSE
41,verification_level,NA
41,species,spharealcea_miniata
42,node_name,thy.pen
42,type,plant
42,corolla_length,3.73
42,corolla_aperture,0.377777777777778
42,height_mean,0.363214285714286
42,flower_abundance,39153
42,body_thickness,NA
42,body_length,NA
42,proboscis_length,NA
42,proboscis_width,NA
42,body_width,NA
42,taxa_verified,TRUE
42,verification_level,species
42,species,thymophylla_pentachaeta
43,node_name,tri.can
43,type,plant
43,corolla_length,165.3275
43,corolla_aperture,53.68
43,height_mean,0.3575
43,flower_abundance,25
43,body_thickness,NA
43,body_length,NA
43,proboscis_length,NA
43,proboscis_width,NA
43,body_width,NA
43,taxa_verified,TRUE
43,verification_level,species
43,species,trichocereus_candicans
44,node_name,ver.pol
44,type,plant
44,corolla_length,1.73444444444444
44,corolla_aperture,7.79333333333333
44,height_mean,0.05
44,flower_abundance,193
44,body_thickness,NA
44,body_length,NA
44,proboscis_length,NA
44,proboscis_width,NA
44,body_width,NA
44,taxa_verified,TRUE
44,verification_level,species
44,species,veronica_polita
45,node_name,zuc.pun
45,type,plant
45,corolla_length,0
45,corolla_aperture,8.51277777777778
45,height_mean,1.39666666666667
45,flower_abundance,35387
45,body_thickness,NA
45,body_length,NA
45,proboscis_length,NA
45,proboscis_width,NA
45,body_width,NA
45,taxa_verified,TRUE
45,verification_level,species
45,species,zuccagnia_punctata
46,node_name,acal.sp2
46,type,pollinator
46,corolla_length,NA
46,corolla_aperture,NA
46,height_mean,NA
46,flower_abundance,NA
46,body_thickness,4
46,body_length,1.6
46,proboscis_length,0.4
46,proboscis_width,2
46,body_width,3
46,taxa_verified,TRUE
46,verification_level,no rank
46,species,Acalyptratae_sp2
47,node_name,acal.sp4
47,type,pollinator
47,corolla_length,NA
47,corolla_aperture,NA
47,height_mean,NA
47,flower_abundance,NA
47,body_thickness,11
47,body_length,NA
47,proboscis_length,NA
47,proboscis_width,NA
47,body_width,16
47,taxa_verified,TRUE
47,verification_level,no rank
47,species,Acalyptratae_sp4
48,node_name,acr.lob
48,type,pollinator
48,corolla_length,NA
48,corolla_aperture,NA
48,height_mean,NA
48,flower_abundance,NA
48,body_thickness,11.2
48,body_length,8.04
48,proboscis_length,0.96
48,proboscis_width,4.4
48,body_width,12.2
48,taxa_verified,TRUE
48,verification_level,species
48,species,Acromyrmex_lobicornis
49,node_name,allo.bre
49,type,pollinator
49,corolla_length,NA
49,corolla_aperture,NA
49,height_mean,NA
49,flower_abundance,NA
49,body_thickness,3.3
49,body_length,9.96666666666667
49,proboscis_length,6.23333333333333
49,proboscis_width,35.5
49,body_width,65.25
49,taxa_verified,FALSE
49,verification_level,NA
49,species,Alloscirtetica_brethesi
50,node_name,allo.sp1
50,type,pollinator
50,corolla_length,NA
50,corolla_aperture,NA
50,height_mean,NA
50,flower_abundance,NA
50,body_thickness,3.075
50,body_length,8.95
50,proboscis_length,4.6625
50,proboscis_width,36
50,body_width,66.3333333333333
50,taxa_verified,TRUE
50,verification_level,genus
50,species,Alloscirtetica_sp1
51,node_name,amm.sp1
51,type,pollinator
51,corolla_length,NA
51,corolla_aperture,NA
51,height_mean,NA
51,flower_abundance,NA
51,body_thickness,16.625
51,body_length,3.2875
51,proboscis_length,0.545
51,proboscis_width,60
51,body_width,45.5
51,taxa_verified,TRUE
51,verification_level,genus
51,species,Ammophila_sp
52,node_name,ana.ine
52,type,pollinator
52,corolla_length,NA
52,corolla_aperture,NA
52,height_mean,NA
52,flower_abundance,NA
52,body_thickness,32
52,body_length,8
52,proboscis_length,1.5
52,proboscis_width,13
52,body_width,45
52,taxa_verified,FALSE
52,verification_level,NA
52,species,Ananthidium_inerme
53,node_name,ant.fri
53,type,pollinator
53,corolla_length,NA
53,corolla_aperture,NA
53,height_mean,NA
53,flower_abundance,NA
53,body_thickness,48
53,body_length,14.5
53,proboscis_length,NA
53,proboscis_width,NA
53,body_width,70
53,taxa_verified,FALSE
53,verification_level,NA
53,species,Anthidium_friesei
54,node_name,ant.oed
54,type,pollinator
54,corolla_length,NA
54,corolla_aperture,NA
54,height_mean,NA
54,flower_abundance,NA
54,body_thickness,3.0625
54,body_length,8.975
54,proboscis_length,1.70625
54,proboscis_width,20.75
54,body_width,64.5
54,taxa_verified,FALSE
54,verification_level,NA
54,species,Anthrax_oedipus
55,node_name,ant.rub
55,type,pollinator
55,corolla_length,NA
55,corolla_aperture,NA
55,height_mean,NA
55,flower_abundance,NA
55,body_thickness,3.45
55,body_length,9.7
55,proboscis_length,5.23
55,proboscis_width,30
55,body_width,72.2
55,taxa_verified,TRUE
55,verification_level,species
55,species,Anthidium_rubripes
56,node_name,ant.vig
56,type,pollinator
56,corolla_length,NA
56,corolla_aperture,NA
56,height_mean,NA
56,flower_abundance,NA
56,body_thickness,3.82
56,body_length,10.28
56,proboscis_length,5.18
56,proboscis_width,29
56,body_width,74.2
56,taxa_verified,FALSE
56,verification_level,NA
56,species,Anthidium_vigintipunctatum
57,node_name,antho.sp1
57,type,pollinator
57,corolla_length,NA
57,corolla_aperture,NA
57,height_mean,NA
57,flower_abundance,NA
57,body_thickness,11
57,body_length,5.4
57,proboscis_length,NA
57,proboscis_width,NA
57,body_width,16
57,taxa_verified,TRUE
57,verification_level,family
57,species,Anthomyiidae_sp1
58,node_name,api.mel
58,type,pollinator
58,corolla_length,NA
58,corolla_aperture,NA
58,height_mean,NA
58,flower_abundance,NA
58,body_thickness,3.62
58,body_length,12.32
58,proboscis_length,5.24
58,proboscis_width,28.6
58,body_width,66.2
58,taxa_verified,TRUE
58,verification_level,species
58,species,Apis_mellifera
59,node_name,arh.bif
59,type,pollinator
59,corolla_length,NA
59,corolla_aperture,NA
59,height_mean,NA
59,flower_abundance,NA
59,body_thickness,2.31
59,body_length,9.62
59,proboscis_length,5.21
59,proboscis_width,28.6
59,body_width,2.96
59,taxa_verified,FALSE
59,verification_level,NA
59,species,Arhysosage_bifasciata
60,node_name,ari.sp1
60,type,pollinator
60,corolla_length,NA
60,corolla_aperture,NA
60,height_mean,NA
60,flower_abundance,NA
60,body_thickness,28
60,body_length,8.05
60,proboscis_length,1.75
60,proboscis_width,24
60,body_width,40.5
60,taxa_verified,FALSE
60,verification_level,NA
60,species,Aristosyrphus_sp
61,node_name,ase.mon
61,type,pollinator
61,corolla_length,NA
61,corolla_aperture,NA
61,height_mean,NA
61,flower_abundance,NA
61,body_thickness,35
61,body_length,15.95
61,proboscis_length,14.2
61,proboscis_width,19
61,body_width,64
61,taxa_verified,TRUE
61,verification_level,species
61,species,Ascia_monuste
62,node_name,asi.sp1
62,type,pollinator
62,corolla_length,NA
62,corolla_aperture,NA
62,height_mean,NA
62,flower_abundance,NA
62,body_thickness,2.63
62,body_length,10.76
62,proboscis_length,1.08
62,proboscis_width,8
62,body_width,40
62,taxa_verified,TRUE
62,verification_level,family
62,species,Asilidae_sp1
63,node_name,asi.sp2
63,type,pollinator
63,corolla_length,NA
63,corolla_aperture,NA
63,height_mean,NA
63,flower_abundance,NA
63,body_thickness,2.65
63,body_length,10.5
63,proboscis_length,1
63,proboscis_width,7
63,body_width,39
63,taxa_verified,TRUE
63,verification_level,family
63,species,Asilidae_sp2
64,node_name,aud.sp
64,type,pollinator
64,corolla_length,NA
64,corolla_aperture,NA
64,height_mean,NA
64,flower_abundance,NA
64,body_thickness,30.6
64,body_length,8.92
64,proboscis_length,0.252
64,proboscis_width,56.8
64,body_width,48.6
64,taxa_verified,FALSE
64,verification_level,NA
64,species,Audre_sp
65,node_name,aug.sp
65,type,pollinator
65,corolla_length,NA
65,corolla_aperture,NA
65,height_mean,NA
65,flower_abundance,NA
65,body_thickness,2.01
65,body_length,7.6
65,proboscis_length,3.16
65,proboscis_width,12.6
65,body_width,41.6666666666667
65,taxa_verified,TRUE
65,verification_level,genus
65,species,Augochloropsis_sp
66,node_name,bab.elo
66,type,pollinator
66,corolla_length,NA
66,corolla_aperture,NA
66,height_mean,NA
66,flower_abundance,NA
66,body_thickness,28.4
66,body_length,0.32
66,proboscis_length,0.524
66,proboscis_width,59.2
66,body_width,22.6
66,taxa_verified,TRUE
66,verification_level,species
66,species,Babia_elongata
67,node_name,bib.sp1
67,type,pollinator
67,corolla_length,NA
67,corolla_aperture,NA
67,height_mean,NA
67,flower_abundance,NA
67,body_thickness,1.55
67,body_length,5.25
67,proboscis_length,1.5
67,proboscis_width,13
67,body_width,15.5
67,taxa_verified,TRUE
67,verification_level,family
67,species,Bibionidae_sp
68,node_name,bom.opi
68,type,pollinator
68,corolla_length,NA
68,corolla_aperture,NA
68,height_mean,NA
68,flower_abundance,NA
68,body_thickness,6.18333333333333
68,body_length,16.5833333333333
68,proboscis_length,9.08333333333333
68,proboscis_width,45.5
68,body_width,88.6666666666667
68,taxa_verified,TRUE
68,verification_level,species
68,species,Bombus_opifex
69,node_name,bombil10
69,type,pollinator
69,corolla_length,NA
69,corolla_aperture,NA
69,height_mean,NA
69,flower_abundance,NA
69,body_thickness,2.45
69,body_length,8.175
69,proboscis_length,2.4125
69,proboscis_width,15.25
69,body_width,54
69,taxa_verified,TRUE
69,verification_level,genus
69,species,Exoprosopa_sp1
70,node_name,bombil11
70,type,pollinator
70,corolla_length,NA
70,corolla_aperture,NA
70,height_mean,NA
70,flower_abundance,NA
70,body_thickness,2.03
70,body_length,7.21
70,proboscis_length,2.12
70,proboscis_width,8.4
70,body_width,45
70,taxa_verified,TRUE
70,verification_level,genus
70,species,Exoprosopa_sp2
71,node_name,bombil12
71,type,pollinator
71,corolla_length,NA
71,corolla_aperture,NA
71,height_mean,NA
71,flower_abundance,NA
71,body_thickness,45.5
71,body_length,13.25
71,proboscis_length,4.9
71,proboscis_width,6
71,body_width,68
71,taxa_verified,TRUE
71,verification_level,family
71,species,Bombyliidae_sp12
72,node_name,bombil14
72,type,pollinator
72,corolla_length,NA
72,corolla_aperture,NA
72,height_mean,NA
72,flower_abundance,NA
72,body_thickness,18.5
72,body_length,9.45
72,proboscis_length,2.6
72,proboscis_width,13
72,body_width,39
72,taxa_verified,TRUE
72,verification_level,family
72,species,Bombyliidae_sp14
73,node_name,bombil15
73,type,pollinator
73,corolla_length,NA
73,corolla_aperture,NA
73,height_mean,NA
73,flower_abundance,NA
73,body_thickness,16
73,body_length,9.8
73,proboscis_length,4.8
73,proboscis_width,6
73,body_width,43
73,taxa_verified,TRUE
73,verification_level,family
73,species,Bombyliidae_sp15
74,node_name,bombil16
74,type,pollinator
74,corolla_length,NA
74,corolla_aperture,NA
74,height_mean,NA
74,flower_abundance,NA
74,body_thickness,20
74,body_length,5.7
74,proboscis_length,NA
74,proboscis_width,NA
74,body_width,18
74,taxa_verified,TRUE
74,verification_level,family
74,species,Bombyliidae_sp16
75,node_name,bombil3
75,type,pollinator
75,corolla_length,NA
75,corolla_aperture,NA
75,height_mean,NA
75,flower_abundance,NA
75,body_thickness,1.73
75,body_length,5.76
75,proboscis_length,2.34
75,proboscis_width,5.6
75,body_width,35.2
75,taxa_verified,TRUE
75,verification_level,genus
75,species,Chrysanthrax_sp2
76,node_name,bombil5
76,type,pollinator
76,corolla_length,NA
76,corolla_aperture,NA
76,height_mean,NA
76,flower_abundance,NA
76,body_thickness,48.25
76,body_length,16.3
76,proboscis_length,4.6
76,proboscis_width,11.25
76,body_width,62.4
76,taxa_verified,FALSE
76,verification_level,NA
76,species,Bombilidae_sp5
77,node_name,bombil7
77,type,pollinator
77,corolla_length,NA
77,corolla_aperture,NA
77,height_mean,NA
77,flower_abundance,NA
77,body_thickness,4.05
77,body_length,9.46
77,proboscis_length,5.06
77,proboscis_width,12.2
77,body_width,77.8
77,taxa_verified,FALSE
77,verification_level,NA
77,species,Parasystoechus_sp
78,node_name,bombil8
78,type,pollinator
78,corolla_length,NA
78,corolla_aperture,NA
78,height_mean,NA
78,flower_abundance,NA
78,body_thickness,2.05833333333333
78,body_length,5.39166666666667
78,proboscis_length,3.525
78,proboscis_width,5.83333333333333
78,body_width,19.1666666666667
78,taxa_verified,TRUE
78,verification_level,genus
78,species,Poecilognathus_sp
79,node_name,bombil9
79,type,pollinator
79,corolla_length,NA
79,corolla_aperture,NA
79,height_mean,NA
79,flower_abundance,NA
79,body_thickness,28.3333333333333
79,body_length,8.73333333333333
79,proboscis_length,1.875
79,proboscis_width,12
79,body_width,35
79,taxa_verified,TRUE
79,verification_level,family
79,species,Bombyliidae_sp9
80,node_name,cae.sp1
80,type,pollinator
80,corolla_length,NA
80,corolla_aperture,NA
80,height_mean,NA
80,flower_abundance,NA
80,body_thickness,1.81
80,body_length,7.76
80,proboscis_length,3.75
80,proboscis_width,19
80,body_width,33.8
80,taxa_verified,TRUE
80,verification_level,genus
80,species,Caenohalictus_sp
81,node_name,cal.sp1
81,type,pollinator
81,corolla_length,NA
81,corolla_aperture,NA
81,height_mean,NA
81,flower_abundance,NA
81,body_thickness,NA
81,body_length,NA
81,proboscis_length,1.75
81,proboscis_width,10
81,body_width,20
81,taxa_verified,TRUE
81,verification_level,tribe
81,species,Calliopsini_sp1
82,node_name,cam.mus
82,type,pollinator
82,corolla_length,NA
82,corolla_aperture,NA
82,height_mean,NA
82,flower_abundance,NA
82,body_thickness,5.85
82,body_length,0.33
82,proboscis_length,0.915
82,proboscis_width,45
82,body_width,8
82,taxa_verified,TRUE
82,verification_level,species
82,species,Camponotus_mus
83,node_name,cam.pun
83,type,pollinator
83,corolla_length,NA
83,corolla_aperture,NA
83,height_mean,NA
83,flower_abundance,NA
83,body_thickness,4.65
83,body_length,0.328
83,proboscis_length,0.728
83,proboscis_width,38.2
83,body_width,6
83,taxa_verified,TRUE
83,verification_level,species
83,species,Camponotus_punctulatus
84,node_name,cen.bre
84,type,pollinator
84,corolla_length,NA
84,corolla_aperture,NA
84,height_mean,NA
84,flower_abundance,NA
84,body_thickness,4.9
84,body_length,13.38
84,proboscis_length,7.46
84,proboscis_width,30.6
84,body_width,88
84,taxa_verified,FALSE
84,verification_level,NA
84,species,Centris_brethesi
85,node_name,cen.lya
85,type,pollinator
85,corolla_length,NA
85,corolla_aperture,NA
85,height_mean,NA
85,flower_abundance,NA
85,body_thickness,54.3333333333333
85,body_length,17
85,proboscis_length,5.7
85,proboscis_width,29
85,body_width,92.6666666666667
85,taxa_verified,FALSE
85,verification_level,NA
85,species,Centris_lyngbyei
86,node_name,cen.var
86,type,pollinator
86,corolla_length,NA
86,corolla_aperture,NA
86,height_mean,NA
86,flower_abundance,NA
86,body_thickness,5
86,body_length,13.3333333333333
86,proboscis_length,6.75
86,proboscis_width,27
86,body_width,88.6666666666667
86,taxa_verified,FALSE
86,verification_level,NA
86,species,Centris_vardyorum
87,node_name,cha.sp1
87,type,pollinator
87,corolla_length,NA
87,corolla_aperture,NA
87,height_mean,NA
87,flower_abundance,NA
87,body_thickness,3.73
87,body_length,12.16
87,proboscis_length,3.59
87,proboscis_width,37.8
87,body_width,77
87,taxa_verified,TRUE
87,verification_level,genus
87,species,Chaetocrania_sp
88,node_name,coc.mac
88,type,pollinator
88,corolla_length,NA
88,corolla_aperture,NA
88,height_mean,NA
88,flower_abundance,NA
88,body_thickness,36
88,body_length,8.2
88,proboscis_length,2.1
88,proboscis_width,6
88,body_width,51
88,taxa_verified,TRUE
88,verification_level,species
88,species,Cochliomyia_macellaria
89,node_name,coc.sp1
89,type,pollinator
89,corolla_length,NA
89,corolla_aperture,NA
89,height_mean,NA
89,flower_abundance,NA
89,body_thickness,7
89,body_length,6.3
89,proboscis_length,0.3
89,proboscis_width,47
89,body_width,19
89,taxa_verified,FALSE
89,verification_level,NA
89,species,Coccinelidae_sp1
90,node_name,coc.sp2
90,type,pollinator
90,corolla_length,NA
90,corolla_aperture,NA
90,height_mean,NA
90,flower_abundance,NA
90,body_thickness,42
90,body_length,0.7
90,proboscis_length,1.35
90,proboscis_width,68.6666666666667
90,body_width,21
90,taxa_verified,FALSE
90,verification_level,NA
90,species,Coccinela_sp2
91,node_name,coe.chi
91,type,pollinator
91,corolla_length,NA
91,corolla_aperture,NA
91,height_mean,NA
91,flower_abundance,NA
91,body_thickness,3.4
91,body_length,9.6
91,proboscis_length,5.7
91,proboscis_width,24
91,body_width,67
91,taxa_verified,FALSE
91,verification_level,NA
91,species,Coelioxys_chilensis
92,node_name,coe.jor
92,type,pollinator
92,corolla_length,NA
92,corolla_aperture,NA
92,height_mean,NA
92,flower_abundance,NA
92,body_thickness,50
92,body_length,13.4
92,proboscis_length,3.7
92,proboscis_width,24
92,body_width,64
92,taxa_verified,FALSE
92,verification_level,NA
92,species,Coelioxys_jorgenseni
93,node_name,coe.sp6
93,type,pollinator
93,corolla_length,NA
93,corolla_aperture,NA
93,height_mean,NA
93,flower_abundance,NA
93,body_thickness,3
93,body_length,9.8
93,proboscis_length,6
93,proboscis_width,22
93,body_width,59
93,taxa_verified,TRUE
93,verification_level,genus
93,species,Coelioxys_sp6
94,node_name,col.ara
94,type,pollinator
94,corolla_length,NA
94,corolla_aperture,NA
94,height_mean,NA
94,flower_abundance,NA
94,body_thickness,2.665
94,body_length,9.49
94,proboscis_length,2.665
94,proboscis_width,26.4
94,body_width,53.9
94,taxa_verified,TRUE
94,verification_level,species
94,species,Colletes_araucariae
95,node_name,col.bic
95,type,pollinator
95,corolla_length,NA
95,corolla_aperture,NA
95,height_mean,NA
95,flower_abundance,NA
95,body_thickness,3.5
95,body_length,13
95,proboscis_length,2.5
95,proboscis_width,29
95,body_width,73
95,taxa_verified,TRUE
95,verification_level,species
95,species,Colletes_bicolor
96,node_name,col.bre
96,type,pollinator
96,corolla_length,NA
96,corolla_aperture,NA
96,height_mean,NA
96,flower_abundance,NA
96,body_thickness,2.875
96,body_length,9.15
96,proboscis_length,2.5
96,proboscis_width,24
96,body_width,59.5
96,taxa_verified,FALSE
96,verification_level,NA
96,species,Colletes_brethesi
97,node_name,col.cog
97,type,pollinator
97,corolla_length,NA
97,corolla_aperture,NA
97,height_mean,NA
97,flower_abundance,NA
97,body_thickness,2.31666666666667
97,body_length,8.30833333333333
97,proboscis_length,2.47083333333333
97,proboscis_width,25.1666666666667
97,body_width,52
97,taxa_verified,FALSE
97,verification_level,NA
97,species,Colletes_cognatus
98,node_name,col.lyc
98,type,pollinator
98,corolla_length,NA
98,corolla_aperture,NA
98,height_mean,NA
98,flower_abundance,NA
98,body_thickness,2.76428571428571
98,body_length,9.75714285714286
98,proboscis_length,2.37857142857143
98,proboscis_width,30.1428571428571
98,body_width,58.2857142857143
98,taxa_verified,FALSE
98,verification_level,NA
98,species,Colletes_lycii
99,node_name,com.ful
99,type,pollinator
99,corolla_length,NA
99,corolla_aperture,NA
99,height_mean,NA
99,flower_abundance,NA
99,body_thickness,3.08
99,body_length,9.32
99,proboscis_length,2.75
99,proboscis_width,32.6
99,body_width,3.5
99,taxa_verified,TRUE
99,verification_level,species
99,species,Compsomyiops_fulvicrura
100,node_name,cop.ari
100,type,pollinator
100,corolla_length,NA
100,corolla_aperture,NA
100,height_mean,NA
100,flower_abundance,NA
100,body_thickness,58.4
100,body_length,14.5
100,proboscis_length,8.21
100,proboscis_width,12.2
100,body_width,5.75
100,taxa_verified,FALSE
100,verification_level,NA
100,species,Copestilum_aricia
101,node_name,cop.sp2
101,type,pollinator
101,corolla_length,NA
101,corolla_aperture,NA
101,height_mean,NA
101,flower_abundance,NA
101,body_thickness,2.4
101,body_length,8.14
101,proboscis_length,3.8
101,proboscis_width,6.4
101,body_width,3.18
101,taxa_verified,FALSE
101,verification_level,NA
101,species,Copestilum_sp2
102,node_name,cop.sp3
102,type,pollinator
102,corolla_length,NA
102,corolla_aperture,NA
102,height_mean,NA
102,flower_abundance,NA
102,body_thickness,44
102,body_length,8.85
102,proboscis_length,3.25
102,proboscis_width,6
102,body_width,44.5
102,taxa_verified,FALSE
102,verification_level,NA
102,species,Copestilum_sp3
103,node_name,cos.chi
103,type,pollinator
103,corolla_length,NA
103,corolla_aperture,NA
103,height_mean,NA
103,flower_abundance,NA
103,body_thickness,48.3333333333333
103,body_length,12.5
103,proboscis_length,0.346666666666667
103,proboscis_width,71.3333333333333
103,body_width,84.6666666666667
103,taxa_verified,FALSE
103,verification_level,NA
103,species,Cosmosatyrus_chilensis
104,node_name,cra.sp1
104,type,pollinator
104,corolla_length,NA
104,corolla_aperture,NA
104,height_mean,NA
104,flower_abundance,NA
104,body_thickness,30
104,body_length,7.3
104,proboscis_length,NA
104,proboscis_width,19
104,body_width,39
104,taxa_verified,TRUE
104,verification_level,family
104,species,Crabronidae_sp1
105,node_name,dia.bar
105,type,pollinator
105,corolla_length,NA
105,corolla_aperture,NA
105,height_mean,NA
105,flower_abundance,NA
105,body_thickness,28.5
105,body_length,7.4
105,proboscis_length,3.45
105,proboscis_width,16
105,body_width,46
105,taxa_verified,FALSE
105,verification_level,NA
105,species,Diadasia_baraderensis
106,node_name,dia.pat
106,type,pollinator
106,corolla_length,NA
106,corolla_aperture,NA
106,height_mean,NA
106,flower_abundance,NA
106,body_thickness,28.8
106,body_length,10.08
106,proboscis_length,4.96
106,proboscis_width,30.2
106,body_width,69.2
106,taxa_verified,FALSE
106,verification_level,NA
106,species,Diadasia_patagonica
107,node_name,dia.sp1
107,type,pollinator
107,corolla_length,NA
107,corolla_aperture,NA
107,height_mean,NA
107,flower_abundance,NA
107,body_thickness,37
107,body_length,0.648
107,proboscis_length,1.208
107,proboscis_width,69.8
107,body_width,18.6
107,taxa_verified,TRUE
107,verification_level,genus
107,species,Diabrotica_sp
108,node_name,dih.sp1
108,type,pollinator
108,corolla_length,NA
108,corolla_aperture,NA
108,height_mean,NA
108,flower_abundance,NA
108,body_thickness,1.24
108,body_length,5.08
108,proboscis_length,2.305
108,proboscis_width,10
108,body_width,18
108,taxa_verified,TRUE
108,verification_level,subgenus
108,species,Dialictus_sp
109,node_name,emp.sp1
109,type,pollinator
109,corolla_length,NA
109,corolla_aperture,NA
109,height_mean,NA
109,flower_abundance,NA
109,body_thickness,9
109,body_length,NA
109,proboscis_length,NA
109,proboscis_width,NA
109,body_width,17
109,taxa_verified,TRUE
109,verification_level,family
109,species,Empididae_sp1
110,node_name,emp.sp2
110,type,pollinator
110,corolla_length,NA
110,corolla_aperture,NA
110,height_mean,NA
110,flower_abundance,NA
110,body_thickness,1.6
110,body_length,NA
110,proboscis_length,NA
110,proboscis_width,NA
110,body_width,10
110,taxa_verified,TRUE
110,verification_level,family
110,species,Empididae_sp2
111,node_name,epi.sp
111,type,pollinator
111,corolla_length,NA
111,corolla_aperture,NA
111,height_mean,NA
111,flower_abundance,NA
111,body_thickness,23
111,body_length,13.2
111,proboscis_length,0.5
111,proboscis_width,58
111,body_width,64
111,taxa_verified,FALSE
111,verification_level,NA
111,species,Epitragus_sp
112,node_name,eum.sp
112,type,pollinator
112,corolla_length,NA
112,corolla_aperture,NA
112,height_mean,NA
112,flower_abundance,NA
112,body_thickness,29
112,body_length,12.7
112,proboscis_length,0.4
112,proboscis_width,33.5
112,body_width,46
112,taxa_verified,TRUE
112,verification_level,subfamily
112,species,Eumenidae_sp
113,node_name,exo.sp1
113,type,pollinator
113,corolla_length,NA
113,corolla_aperture,NA
113,height_mean,NA
113,flower_abundance,NA
113,body_thickness,3.67
113,body_length,12.04
113,proboscis_length,4.55
113,proboscis_width,17.2
113,body_width,76.6
113,taxa_verified,TRUE
113,verification_level,genus
113,species,Chrysanthrax_sp1
114,node_name,for.sp1
114,type,pollinator
114,corolla_length,NA
114,corolla_aperture,NA
114,height_mean,NA
114,flower_abundance,NA
114,body_thickness,6
114,body_length,1.8
114,proboscis_length,NA
114,proboscis_width,NA
114,body_width,2
114,taxa_verified,FALSE
114,verification_level,NA
114,species,Foreluis_sp
115,node_name,hir.sp1
115,type,pollinator
115,corolla_length,NA
115,corolla_aperture,NA
115,height_mean,NA
115,flower_abundance,NA
115,body_thickness,3.53
115,body_length,12.8
115,proboscis_length,1.35
115,proboscis_width,37.4
115,body_width,72
115,taxa_verified,TRUE
115,verification_level,genus
115,species,Hirmoneura_sp
116,node_name,hypa.sp1
116,type,pollinator
116,corolla_length,NA
116,corolla_aperture,NA
116,height_mean,NA
116,flower_abundance,NA
116,body_thickness,22
116,body_length,7.9
116,proboscis_length,NA
116,proboscis_width,6
116,body_width,21
116,taxa_verified,FALSE
116,verification_level,NA
116,species,Hypalastroides_sp
117,node_name,ise.vac
117,type,pollinator
117,corolla_length,NA
117,corolla_aperture,NA
117,height_mean,NA
117,flower_abundance,NA
117,body_thickness,2.925
117,body_length,8.1
117,proboscis_length,5.3
117,proboscis_width,26.5
117,body_width,3.225
117,taxa_verified,TRUE
117,verification_level,species
117,species,Isepeolus_vachali
118,node_name,ise.vip
118,type,pollinator
118,corolla_length,NA
118,corolla_aperture,NA
118,height_mean,NA
118,flower_abundance,NA
118,body_thickness,2.675
118,body_length,7.7
118,proboscis_length,4
118,proboscis_width,23.5
118,body_width,2.875
118,taxa_verified,FALSE
118,verification_level,NA
118,species,Isepeolus_viperinus
119,node_name,lei.abd
119,type,pollinator
119,corolla_length,NA
119,corolla_aperture,NA
119,height_mean,NA
119,flower_abundance,NA
119,body_thickness,1.675
119,body_length,6.2
119,proboscis_length,1.33333333333333
119,proboscis_width,19.5
119,body_width,25.6666666666667
119,taxa_verified,FALSE
119,verification_level,NA
119,species,Leioproctus_abdominalis
120,node_name,lei.fri
120,type,pollinator
120,corolla_length,NA
120,corolla_aperture,NA
120,height_mean,NA
120,flower_abundance,NA
120,body_thickness,2.66666666666667
120,body_length,9.9
120,proboscis_length,2.1
120,proboscis_width,18.8333333333333
120,body_width,47.3333333333333
120,taxa_verified,FALSE
120,verification_level,NA
120,species,Leioproctus_friesei
121,node_name,lep.nig
121,type,pollinator
121,corolla_length,NA
121,corolla_aperture,NA
121,height_mean,NA
121,flower_abundance,NA
121,body_thickness,2.63
121,body_length,7.64
121,proboscis_length,3.82
121,proboscis_width,25.4
121,body_width,53.2
121,taxa_verified,FALSE
121,verification_level,NA
121,species,Leptometriella_nigra
122,node_name,lepid11
122,type,pollinator
122,corolla_length,NA
122,corolla_aperture,NA
122,height_mean,NA
122,flower_abundance,NA
122,body_thickness,19.6666666666667
122,body_length,15.1666666666667
122,proboscis_length,10.1
122,proboscis_width,9.5
122,body_width,27
122,taxa_verified,TRUE
122,verification_level,order
122,species,Lepidoptera_sp11
123,node_name,lepid12
123,type,pollinator
123,corolla_length,NA
123,corolla_aperture,NA
123,height_mean,NA
123,flower_abundance,NA
123,body_thickness,44
123,body_length,26.4
123,proboscis_length,9.8
123,proboscis_width,19
123,body_width,87
123,taxa_verified,TRUE
123,verification_level,order
123,species,Lepidoptera_sp12
124,node_name,lepid3
124,type,pollinator
124,corolla_length,NA
124,corolla_aperture,NA
124,height_mean,NA
124,flower_abundance,NA
124,body_thickness,10.4
124,body_length,3.23
124,proboscis_length,0.472
124,proboscis_width,30.6
124,body_width,9.8
124,taxa_verified,TRUE
124,verification_level,order
124,species,Lepidoptera_sp3
125,node_name,lepid4
125,type,pollinator
125,corolla_length,NA
125,corolla_aperture,NA
125,height_mean,NA
125,flower_abundance,NA
125,body_thickness,6
125,body_length,NA
125,proboscis_length,NA
125,proboscis_width,NA
125,body_width,4
125,taxa_verified,TRUE
125,verification_level,order
125,species,Lepidoptera_sp4
126,node_name,lip.ino
126,type,pollinator
126,corolla_length,NA
126,corolla_aperture,NA
126,height_mean,NA
126,flower_abundance,NA
126,body_thickness,1.35
126,body_length,5.85
126,proboscis_length,2.325
126,proboscis_width,10
126,body_width,1.93
126,taxa_verified,FALSE
126,verification_level,NA
126,species,Liphantus_inornatus
127,node_name,lip.nig
127,type,pollinator
127,corolla_length,NA
127,corolla_aperture,NA
127,height_mean,NA
127,flower_abundance,NA
127,body_thickness,1.5
127,body_length,5.85
127,proboscis_length,2.65
127,proboscis_width,13
127,body_width,1.95
127,taxa_verified,FALSE
127,verification_level,NA
127,species,Liphantus_nigritus
128,node_name,lon.rob
128,type,pollinator
128,corolla_length,NA
128,corolla_aperture,NA
128,height_mean,NA
128,flower_abundance,NA
128,body_thickness,2.675
128,body_length,9
128,proboscis_length,2.6875
128,proboscis_width,30.25
128,body_width,55.5
128,taxa_verified,TRUE
128,verification_level,species
128,species,Lonchopria_robertsi
129,node_name,lon.sp1
129,type,pollinator
129,corolla_length,NA
129,corolla_aperture,NA
129,height_mean,NA
129,flower_abundance,NA
129,body_thickness,3
129,body_length,10.5
129,proboscis_length,2.5
129,proboscis_width,33
129,body_width,59
129,taxa_verified,TRUE
129,verification_level,genus
129,species,Lonchopria_sp
130,node_name,meg.A
130,type,pollinator
130,corolla_length,NA
130,corolla_aperture,NA
130,height_mean,NA
130,flower_abundance,NA
130,body_thickness,3.25
130,body_length,10.3833333333333
130,proboscis_length,5.39285714285714
130,proboscis_width,20
130,body_width,3.83333333333333
130,taxa_verified,FALSE
130,verification_level,NA
130,species,Megachile_leucographa
131,node_name,meg.C
131,type,pollinator
131,corolla_length,NA
131,corolla_aperture,NA
131,height_mean,NA
131,flower_abundance,NA
131,body_thickness,3.51923076923077
131,body_length,10.8769230769231
131,proboscis_length,6.37307692307692
131,proboscis_width,23.9230769230769
131,body_width,4.01538461538462
131,taxa_verified,FALSE
131,verification_level,NA
131,species,Megachile_obscurior
132,node_name,meg.cte
132,type,pollinator
132,corolla_length,NA
132,corolla_aperture,NA
132,height_mean,NA
132,flower_abundance,NA
132,body_thickness,2.8
132,body_length,9.55
132,proboscis_length,5.1875
132,proboscis_width,18.75
132,body_width,3.3
132,taxa_verified,FALSE
132,verification_level,NA
132,species,Megachile_nigella
133,node_name,meg.pse2
133,type,pollinator
133,corolla_length,NA
133,corolla_aperture,NA
133,height_mean,NA
133,flower_abundance,NA
133,body_thickness,3.75
133,body_length,12
133,proboscis_length,6
133,proboscis_width,26
133,body_width,4.4
133,taxa_verified,FALSE
133,verification_level,NA
133,species,Megachile_pseudocentron2
134,node_name,mel.coc
134,type,pollinator
134,corolla_length,NA
134,corolla_aperture,NA
134,height_mean,NA
134,flower_abundance,NA
134,body_thickness,28
134,body_length,NA
134,proboscis_length,2.3
134,proboscis_width,29
134,body_width,50
134,taxa_verified,FALSE
134,verification_level,NA
134,species,Melectoides_cockerelli
135,node_name,mel.sp
135,type,pollinator
135,corolla_length,NA
135,corolla_aperture,NA
135,height_mean,NA
135,flower_abundance,NA
135,body_thickness,44
135,body_length,10.9
135,proboscis_length,3.4
135,proboscis_width,24
135,body_width,45
135,taxa_verified,TRUE
135,verification_level,genus
135,species,Melissoptila_sp
136,node_name,mes.jen
136,type,pollinator
136,corolla_length,NA
136,corolla_aperture,NA
136,height_mean,NA
136,flower_abundance,NA
136,body_thickness,4.7
136,body_length,11.82
136,proboscis_length,6.54
136,proboscis_width,40.2
136,body_width,81.8
136,taxa_verified,TRUE
136,verification_level,species
136,species,Mesonychium_jenseni
137,node_name,muscid2
137,type,pollinator
137,corolla_length,NA
137,corolla_aperture,NA
137,height_mean,NA
137,flower_abundance,NA
137,body_thickness,16
137,body_length,6.3
137,proboscis_length,1.3
137,proboscis_width,6
137,body_width,25
137,taxa_verified,TRUE
137,verification_level,family
137,species,Muscidae_sp2
138,node_name,neu.sp1
138,type,pollinator
138,corolla_length,NA
138,corolla_aperture,NA
138,height_mean,NA
138,flower_abundance,NA
138,body_thickness,11.75
138,body_length,4.625
138,proboscis_length,0.34
138,proboscis_width,9.5
138,body_width,14.75
138,taxa_verified,FALSE
138,verification_level,NA
138,species,NA
139,node_name,nit.sp1
139,type,pollinator
139,corolla_length,NA
139,corolla_aperture,NA
139,height_mean,NA
139,flower_abundance,NA
139,body_thickness,5
139,body_length,2.98888888888889
139,proboscis_length,0.177777777777778
139,proboscis_width,12.6666666666667
139,body_width,10.4444444444444
139,taxa_verified,TRUE
139,verification_level,family
139,species,Nitidulidae_sp1
140,node_name,pir.com
140,type,pollinator
140,corolla_length,NA
140,corolla_aperture,NA
140,height_mean,NA
140,flower_abundance,NA
140,body_thickness,44
140,body_length,10.6
140,proboscis_length,0.33
140,proboscis_width,70
140,body_width,61
140,taxa_verified,TRUE
140,verification_level,species
140,species,Pyrgus_communis
141,node_name,pla.sp1
141,type,pollinator
141,corolla_length,NA
141,corolla_aperture,NA
141,height_mean,NA
141,flower_abundance,NA
141,body_thickness,17.6
141,body_length,6.76
141,proboscis_length,2.6
141,proboscis_width,17.4
141,body_width,2.1
141,taxa_verified,TRUE
141,verification_level,genus
141,species,Platycheirus_sp
142,node_name,pol.cav
142,type,pollinator
142,corolla_length,NA
142,corolla_aperture,NA
142,height_mean,NA
142,flower_abundance,NA
142,body_thickness,53
142,body_length,1.75
142,proboscis_length,2.25
142,proboscis_width,77
142,body_width,63
142,taxa_verified,TRUE
142,verification_level,species
142,species,Polistes_cavapyta
143,node_name,pompil2
143,type,pollinator
143,corolla_length,NA
143,corolla_aperture,NA
143,height_mean,NA
143,flower_abundance,NA
143,body_thickness,10.05
143,body_length,1.33
143,proboscis_length,1.35
143,proboscis_width,71
143,body_width,34
143,taxa_verified,TRUE
143,verification_level,family
143,species,Pompilidae_sp2
144,node_name,psa.phi
144,type,pollinator
144,corolla_length,NA
144,corolla_aperture,NA
144,height_mean,NA
144,flower_abundance,NA
144,body_thickness,30.5
144,body_length,10.6
144,proboscis_length,3.7
144,proboscis_width,21.5
144,body_width,43
144,taxa_verified,FALSE
144,verification_level,NA
144,species,Psaenythia_philantoides
145,node_name,psa.ruf
145,type,pollinator
145,corolla_length,NA
145,corolla_aperture,NA
145,height_mean,NA
145,flower_abundance,NA
145,body_thickness,2.43
145,body_length,9.08
145,proboscis_length,3.28
145,proboscis_width,24.4
145,body_width,3.02
145,taxa_verified,FALSE
145,verification_level,NA
145,species,Psaenythia_rufipes
146,node_name,pse.sp
146,type,pollinator
146,corolla_length,NA
146,corolla_aperture,NA
146,height_mean,NA
146,flower_abundance,NA
146,body_thickness,2.09166666666667
146,body_length,8.13333333333333
146,proboscis_length,4.62
146,proboscis_width,17
146,body_width,36
146,taxa_verified,TRUE
146,verification_level,genus
146,species,Pseudagapostemon_sp
147,node_name,rub.nas
147,type,pollinator
147,corolla_length,NA
147,corolla_aperture,NA
147,height_mean,NA
147,flower_abundance,NA
147,body_thickness,62.5
147,body_length,4.85
147,proboscis_length,1.3
147,proboscis_width,76
147,body_width,86.5
147,taxa_verified,FALSE
147,verification_level,NA
147,species,Rubrica_nasuta
148,node_name,sar.sp1
148,type,pollinator
148,corolla_length,NA
148,corolla_aperture,NA
148,height_mean,NA
148,flower_abundance,NA
148,body_thickness,18.5
148,body_length,6.75
148,proboscis_length,1.35
148,proboscis_width,6
148,body_width,31
148,taxa_verified,TRUE
148,verification_level,family
148,species,Sarcophagidae_sp1
149,node_name,sci.sp1
149,type,pollinator
149,corolla_length,NA
149,corolla_aperture,NA
149,height_mean,NA
149,flower_abundance,NA
149,body_thickness,0.9
149,body_length,NA
149,proboscis_length,NA
149,proboscis_width,NA
149,body_width,2
149,taxa_verified,TRUE
149,verification_level,family
149,species,Sciomyzidae
150,node_name,sph.sp2
150,type,pollinator
150,corolla_length,NA
150,corolla_aperture,NA
150,height_mean,NA
150,flower_abundance,NA
150,body_thickness,62.5
150,body_length,5.65
150,proboscis_length,2.15
150,proboscis_width,76.5
150,body_width,86
150,taxa_verified,TRUE
150,verification_level,genus
150,species,Sphex_sp2
151,node_name,sphecid1
151,type,pollinator
151,corolla_length,NA
151,corolla_aperture,NA
151,height_mean,NA
151,flower_abundance,NA
151,body_thickness,53.5
151,body_length,3.24
151,proboscis_length,0.912
151,proboscis_width,75.3333333333333
151,body_width,71.5
151,taxa_verified,TRUE
151,verification_level,family
151,species,Sphecidae_sp1
152,node_name,str.eur
152,type,pollinator
152,corolla_length,NA
152,corolla_aperture,NA
152,height_mean,NA
152,flower_abundance,NA
152,body_thickness,28.6
152,body_length,6.15
152,proboscis_length,0.156666666666667
152,proboscis_width,64.8
152,body_width,44.8
152,taxa_verified,TRUE
152,verification_level,species
152,species,Strymon_eurytulus
153,node_name,sva.bau
153,type,pollinator
153,corolla_length,NA
153,corolla_aperture,NA
153,height_mean,NA
153,flower_abundance,NA
153,body_thickness,39
153,body_length,10.4
153,proboscis_length,3.2
153,proboscis_width,24
153,body_width,59
153,taxa_verified,FALSE
153,verification_level,NA
153,species,Svastrides_bauni
154,node_name,sva.bom
154,type,pollinator
154,corolla_length,NA
154,corolla_aperture,NA
154,height_mean,NA
154,flower_abundance,NA
154,body_thickness,46
154,body_length,13.8
154,proboscis_length,4.7
154,proboscis_width,25.6666666666667
154,body_width,79.6666666666667
154,taxa_verified,TRUE
154,verification_level,genus
154,species,Svastra_sp
155,node_name,sva.zeb
155,type,pollinator
155,corolla_length,NA
155,corolla_aperture,NA
155,height_mean,NA
155,flower_abundance,NA
155,body_thickness,3.796
155,body_length,12.58
155,proboscis_length,7.92
155,proboscis_width,47.2
155,body_width,4.37
155,taxa_verified,TRUE
155,verification_level,species
155,species,Svastrides_zebra
156,node_name,syr.sp1
156,type,pollinator
156,corolla_length,NA
156,corolla_aperture,NA
156,height_mean,NA
156,flower_abundance,NA
156,body_thickness,33.6
156,body_length,11.42
156,proboscis_length,3.97
156,proboscis_width,32
156,body_width,3.29
156,taxa_verified,TRUE
156,verification_level,genus
156,species,Syrphus_sp1
157,node_name,syr.sp2
157,type,pollinator
157,corolla_length,NA
157,corolla_aperture,NA
157,height_mean,NA
157,flower_abundance,NA
157,body_thickness,20
157,body_length,6.6
157,proboscis_length,1.4
157,proboscis_width,6
157,body_width,16.5
157,taxa_verified,TRUE
157,verification_level,family
157,species,Syrphidae_sp2
158,node_name,syr.sp3
158,type,pollinator
158,corolla_length,NA
158,corolla_aperture,NA
158,height_mean,NA
158,flower_abundance,NA
158,body_thickness,23
158,body_length,9.5
158,proboscis_length,0.9
158,proboscis_width,6
158,body_width,30
158,taxa_verified,TRUE
158,verification_level,family
158,species,Syrphidae_sp3
159,node_name,syr.sp5
159,type,pollinator
159,corolla_length,NA
159,corolla_aperture,NA
159,height_mean,NA
159,flower_abundance,NA
159,body_thickness,26
159,body_length,4.4
159,proboscis_length,1.6
159,proboscis_width,6
159,body_width,25
159,taxa_verified,TRUE
159,verification_level,family
159,species,Syrphidae_sp5
160,node_name,syr.sp6
160,type,pollinator
160,corolla_length,NA
160,corolla_aperture,NA
160,height_mean,NA
160,flower_abundance,NA
160,body_thickness,24.5
160,body_length,10.5
160,proboscis_length,2.3
160,proboscis_width,4
160,body_width,19
160,taxa_verified,TRUE
160,verification_level,family
160,species,Syrphidae_sp6
161,node_name,tac.sp1
161,type,pollinator
161,corolla_length,NA
161,corolla_aperture,NA
161,height_mean,NA
161,flower_abundance,NA
161,body_thickness,16.68
161,body_length,2.625
161,proboscis_length,1.4975
161,proboscis_width,64
161,body_width,73.5
161,taxa_verified,FALSE
161,verification_level,NA
161,species,Tachipompillus_sp
162,node_name,tac.sp10
162,type,pollinator
162,corolla_length,NA
162,corolla_aperture,NA
162,height_mean,NA
162,flower_abundance,NA
162,body_thickness,4
162,body_length,11.8
162,proboscis_length,4.3
162,proboscis_width,14
162,body_width,75
162,taxa_verified,TRUE
162,verification_level,family
162,species,Tachinidae_sp10
163,node_name,tac.sp15
163,type,pollinator
163,corolla_length,NA
163,corolla_aperture,NA
163,height_mean,NA
163,flower_abundance,NA
163,body_thickness,24
163,body_length,9.7
163,proboscis_length,2
163,proboscis_width,6
163,body_width,27.3333333333333
163,taxa_verified,TRUE
163,verification_level,family
163,species,Tachinidae_sp15
164,node_name,tac.sp17
164,type,pollinator
164,corolla_length,NA
164,corolla_aperture,NA
164,height_mean,NA
164,flower_abundance,NA
164,body_thickness,14
164,body_length,NA
164,proboscis_length,0.6
164,proboscis_width,2
164,body_width,15.5
164,taxa_verified,TRUE
164,verification_level,family
164,species,Tachinidae_sp17
165,node_name,tac.sp5
165,type,pollinator
165,corolla_length,NA
165,corolla_aperture,NA
165,height_mean,NA
165,flower_abundance,NA
165,body_thickness,1.8
165,body_length,NA
165,proboscis_length,NA
165,proboscis_width,NA
165,body_width,19
165,taxa_verified,TRUE
165,verification_level,family
165,species,Tachinidae_sp5
166,node_name,tac.sp8
166,type,pollinator
166,corolla_length,NA
166,corolla_aperture,NA
166,height_mean,NA
166,flower_abundance,NA
166,body_thickness,3.575
166,body_length,10.25
166,proboscis_length,3.625
166,proboscis_width,33
166,body_width,71
166,taxa_verified,TRUE
166,verification_level,family
166,species,Tachinidae_sp8
167,node_name,tachy.sp
167,type,pollinator
167,corolla_length,NA
167,corolla_aperture,NA
167,height_mean,NA
167,flower_abundance,NA
167,body_thickness,40
167,body_length,9.9
167,proboscis_length,NA
167,proboscis_width,13
167,body_width,43
167,taxa_verified,TRUE
167,verification_level,genus
167,species,Tachytes_sp
168,node_name,tat.aut
168,type,pollinator
168,corolla_length,NA
168,corolla_aperture,NA
168,height_mean,NA
168,flower_abundance,NA
168,body_thickness,55
168,body_length,11.9
168,proboscis_length,0.273333333333333
168,proboscis_width,75.3333333333333
168,body_width,80
168,taxa_verified,TRUE
168,verification_level,species
168,species,Tatochila_autodice
169,node_name,tep.sp1
169,type,pollinator
169,corolla_length,NA
169,corolla_aperture,NA
169,height_mean,NA
169,flower_abundance,NA
169,body_thickness,8
169,body_length,NA
169,proboscis_length,NA
169,proboscis_width,NA
169,body_width,10
169,taxa_verified,TRUE
169,verification_level,family
169,species,Tephritidae_sp1
170,node_name,tep.sp2
170,type,pollinator
170,corolla_length,NA
170,corolla_aperture,NA
170,height_mean,NA
170,flower_abundance,NA
170,body_thickness,6
170,body_length,NA
170,proboscis_length,NA
170,proboscis_width,NA
170,body_width,10
170,taxa_verified,TRUE
170,verification_level,family
170,species,Tephritidae_sp2
171,node_name,thy.sp1
171,type,pollinator
171,corolla_length,NA
171,corolla_aperture,NA
171,height_mean,NA
171,flower_abundance,NA
171,body_thickness,13.825
171,body_length,1.125
171,proboscis_length,1.65
171,proboscis_width,41
171,body_width,45.5
171,taxa_verified,TRUE
171,verification_level,family
171,species,Thynnidae_sp
172,node_name,tox.sp1
172,type,pollinator
172,corolla_length,NA
172,corolla_aperture,NA
172,height_mean,NA
172,flower_abundance,NA
172,body_thickness,28
172,body_length,9.3
172,proboscis_length,NA
172,proboscis_width,NA
172,body_width,31
172,taxa_verified,TRUE
172,verification_level,genus
172,species,Toxomerus_sp1
173,node_name,tri.lat
173,type,pollinator
173,corolla_length,NA
173,corolla_aperture,NA
173,height_mean,NA
173,flower_abundance,NA
173,body_thickness,5.42
173,body_length,16.9
173,proboscis_length,12.76
173,proboscis_width,42.8
173,body_width,90
173,taxa_verified,FALSE
173,verification_level,NA
173,species,Trichothurgus_laticeps
174,node_name,tri.sp2
174,type,pollinator
174,corolla_length,NA
174,corolla_aperture,NA
174,height_mean,NA
174,flower_abundance,NA
174,body_thickness,NA
174,body_length,NA
174,proboscis_length,10
174,proboscis_width,33
174,body_width,81
174,taxa_verified,FALSE
174,verification_level,NA
174,species,Trichoturgus_sp2
175,node_name,vill.sp1
175,type,pollinator
175,corolla_length,NA
175,corolla_aperture,NA
175,height_mean,NA
175,flower_abundance,NA
175,body_thickness,2.75
175,body_length,10.16
175,proboscis_length,3.7
175,proboscis_width,9.2
175,body_width,61.4
175,taxa_verified,TRUE
175,verification_level,genus
175,species,Villa_sp
176,node_name,wil.cha
176,type,pollinator
176,corolla_length,NA
176,corolla_aperture,NA
176,height_mean,NA
176,flower_abundance,NA
176,body_thickness,5.825
176,body_length,17.9
176,proboscis_length,4.85
176,proboscis_width,46.75
176,body_width,94.75
176,taxa_verified,FALSE
176,verification_level,NA
176,species,Willinkapis_chalybaea
177,node_name,xyl.aug
177,type,pollinator
177,corolla_length,NA
177,corolla_aperture,NA
177,height_mean,NA
177,flower_abundance,NA
177,body_thickness,64.75
177,body_length,27.5
177,proboscis_length,9
177,proboscis_width,54.75
177,body_width,65.75
177,taxa_verified,TRUE
177,verification_level,species
177,species,Xylocopa_augusti
178,node_name,xyl.ord
178,type,pollinator
178,corolla_length,NA
178,corolla_aperture,NA
178,height_mean,NA
178,flower_abundance,NA
178,body_thickness,7.74
178,body_length,23.84
178,proboscis_length,8.86
178,proboscis_width,56.6
178,body_width,103.6
178,taxa_verified,FALSE
178,verification_level,NA
178,species,Xylocopa_atamisquensis
179,node_name,xyl.spl
179,type,pollinator
179,corolla_length,NA
179,corolla_aperture,NA
179,height_mean,NA
179,flower_abundance,NA
179,body_thickness,5.86666666666667
179,body_length,16
179,proboscis_length,6.06666666666667
179,proboscis_width,48
179,body_width,96
179,taxa_verified,TRUE
179,verification_level,species
179,species,Xylocopa_splendidula
180,node_name,zet.sp1
180,type,pollinator
180,corolla_length,NA
180,corolla_aperture,NA
180,height_mean,NA
180,flower_abundance,NA
180,body_thickness,53.6
180,body_length,4.6125
180,proboscis_length,2.015
180,proboscis_width,75.6
180,body_width,73.2
180,taxa_verified,TRUE
180,verification_level,genus
180,species,Zeta_sp
